id,date_of_last_activity,avatar,number_of_messages_sent
uid-0,,true,10
uid-16644578292002905,2015-02-01,true,0
uid-16644578292002906,2015-02-01,false,0
uid-16644578292002907,2015-01-21,false,0
uid-16644578292002908,2015-01-22,false,0
uid-16644578292002909,2015-02-03,false,0
uid-16644578292002910,2015-01-22,false,0
uid-16644578292002911,2015-01-22,false,0
uid-16644578292002912,2015-01-26,false,0
uid-16644578292002913,2015-01-23,false,0
uid-23413732936407484,,false,0
uid-59957016359235836,,false,0
uid-59957016359235837,,false,0
uid-74662583103390766,,false,0
uid-74662583103390767,2014-10-01,false,5
uid-74662583103390768,,false,0
uid-118153794298099871,2014-08-28,false,0
uid-120509180081269722,,false,0
uid-192598823043903752,2015-02-04,false,0
uid-192598823043903753,2015-01-03,false,0
uid-192598823043903754,2015-01-03,false,0
uid-192598823043903755,2015-01-14,true,11
uid-192598823043903756,2015-01-03,false,0
uid-192598823043903757,2015-01-04,true,0
uid-239759046887035714,2014-10-04,false,2
uid-251136562000336651,2015-02-04,false,0
uid-254194593410204163,,false,0
uid-266650420046808139,,false,0
uid-288337863612926372,2014-11-14,false,0
uid-327250765233121294,,false,0
uid-327250765233121295,2015-01-09,true,10
uid-327250765233121296,,false,0
uid-335764899220883791,,false,0
uid-381210625942549669,2015-01-27,false,0
uid-445771848552270038,,false,0
uid-539531321344838369,2014-05-15,false,0
uid-569463819195421150,,false,0
uid-581406661312027765,,false,0
uid-581406661312027766,2015-02-01,false,3
uid-581406661312027767,2015-02-02,false,0
uid-581406661312027768,2015-02-01,false,0
uid-581406661312027769,2015-02-03,false,1
uid-581406661312027770,2015-01-28,false,0
uid-581406661312027771,,false,0
uid-581406661312027772,2015-02-05,false,0
uid-581406661312027773,2015-02-06,false,0
uid-581406661312027774,2015-01-29,false,0
uid-581406661312027775,2015-02-05,false,0
uid-581406661312027776,,false,0
uid-581406661312027777,2015-02-02,false,0
uid-581406661312027778,,false,0
uid-590699782026937538,2015-02-03,true,0
uid-590699782026937539,2015-02-06,false,9
uid-590699782026937540,,false,0
uid-590699782026937541,2015-02-06,false,0
uid-590699782026937542,2015-01-29,false,0
uid-590699782026937543,2015-01-28,false,0
uid-590699782026937544,2015-01-27,false,0
uid-590699782026937545,2015-01-27,false,0
uid-590699782026937546,2015-02-05,false,0
uid-590699782026937547,2015-02-06,false,0
uid-660478368396917240,,false,0
uid-675359621565520716,2014-11-13,false,0
uid-691078171719035919,2014-10-04,false,0
uid-696325882462031477,,false,0
uid-696325882462031478,2014-08-28,false,2
uid-696325882462031479,2015-01-05,false,0
uid-696325882462031480,2014-12-22,false,0
uid-696325882462031481,2014-09-01,false,0
uid-696325882462031482,2014-10-15,false,0
uid-696325882462031483,2014-08-29,false,0
uid-696325882462031484,2014-11-22,false,7
uid-696325882462031485,2014-10-14,false,0
uid-696325882462031486,,false,0
uid-696325882462031487,,false,0
uid-699898118337545576,2014-09-22,false,0
uid-714868386310895212,2014-11-20,false,0
uid-714868386310895213,2014-09-26,false,0
uid-714868386310895214,,false,0
uid-714868386310895215,2014-09-26,false,0
uid-714868386310895216,2014-09-27,false,0
uid-714868386310895217,2014-09-27,false,0
uid-714868386310895218,2014-09-28,false,0
uid-714868386310895219,2014-09-27,false,0
uid-714868386310895220,2014-09-26,false,0
uid-714868386310895221,2014-09-27,false,0
uid-714868386310895222,2014-09-27,true,0
uid-714868386310895223,2014-09-30,false,0
uid-714868386310895224,2014-09-27,false,0
uid-714868386310895225,2014-09-27,false,0
uid-714868386310895226,2014-10-21,true,4
uid-714868386310895227,2015-02-04,false,0
uid-714868386310895228,2014-10-01,false,1
uid-714868386310895229,2014-09-30,false,0
uid-714868386310895230,2015-01-12,false,0
uid-714868386310895231,2014-11-24,false,12
uid-714868386310895232,2014-09-30,false,0
uid-714868386310895233,2014-09-30,false,0
uid-714868386310895234,2014-09-30,false,0
uid-714868386310895235,2014-12-10,false,0
uid-714868386310895236,2014-11-03,false,2
uid-714868386310895237,,false,0
uid-714868386310895238,2014-12-02,false,0
uid-714868386310895239,2014-10-11,false,0
uid-714868386310895240,2015-01-13,true,0
uid-714868386310895241,2014-10-23,false,0
uid-714868386310895242,,false,0
uid-714868386310895243,2014-10-03,false,0
uid-714868386310895244,,false,0
uid-714868386310895245,2014-10-14,false,0
uid-714868386310895246,,false,0
uid-714868386310895247,2014-10-09,false,0
uid-714868386310895248,2015-02-06,true,25
uid-714868386310895249,2014-10-28,false,0
uid-714868386310895250,,false,0
uid-729691317974845763,,false,0
uid-729691317974845764,,false,0
uid-729691317974845765,,false,0
uid-729691317974845766,2014-05-01,false,0
uid-729691317974845768,2014-05-01,false,0
uid-729691317974845769,,false,0
uid-729691317974845770,2015-02-06,false,0
uid-750834820969488661,,false,0
uid-756331228859345128,2014-12-19,false,0
uid-756331228859345129,2014-12-23,false,0
uid-756331228859345130,2015-02-06,false,0
uid-756331228859345131,2014-12-22,false,0
uid-756331228859345132,2014-12-23,false,0
uid-756331228859345133,2014-12-24,false,0
uid-756331228859345134,2015-01-07,false,0
uid-756685634187111178,2015-02-05,false,4
uid-762276199242671412,2014-05-10,false,0
uid-827612529780455424,2014-11-17,true,0
uid-843572182610654275,2014-06-27,false,0
uid-843572182610654276,,false,0
uid-843572182610654277,2014-06-04,false,0
uid-843572182610654278,2014-06-10,false,0
uid-843572182610654279,,false,0
uid-861997319951321133,2015-01-07,false,0
uid-861997319951321134,2015-02-06,false,0
uid-861997319951321135,2015-01-05,false,0
uid-861997319951321136,2015-01-03,false,0
uid-861997319951321137,,false,0
uid-861997319951321138,2015-02-05,false,0
uid-861997319951321139,2015-02-05,false,0
uid-861997319951321140,2015-02-06,false,0
uid-861997319951321141,2015-01-04,false,0
uid-861997319951321142,2015-02-02,true,0
uid-866622179996381268,2015-01-05,false,0
uid-866622179996381269,2015-01-05,false,0
uid-866622179996381270,2015-01-05,false,0
uid-866622179996381271,2015-01-23,false,0
uid-866622179996381272,2015-02-06,false,0
uid-866622179996381273,2015-02-06,true,0
uid-866622179996381274,2015-02-04,false,0
uid-866622179996381275,2015-02-02,true,0
uid-866622179996381276,2015-01-05,false,0
uid-866622179996381277,2015-01-05,false,0
uid-866622179996381278,2015-02-05,true,0
uid-866622179996381279,2015-01-06,false,0
uid-866622179996381280,2015-01-11,false,0
uid-885862913581713572,,false,0
uid-885862913581713573,,false,0
uid-885862913581713574,,false,0
uid-907944990168767709,2014-09-09,false,0
uid-908435400188466360,2015-02-05,false,0
uid-908435400188466361,2015-02-05,false,1
uid-908435400188466362,2015-02-05,false,0
uid-908435400188466363,2015-02-05,false,0
uid-908435400188466364,2015-02-05,false,0
uid-908435400188466365,2015-02-05,false,0
uid-908435400188466366,2015-02-05,false,0
uid-908435400188466367,,false,0
uid-908435400188466368,2015-02-06,false,0
uid-942677281430279358,2015-02-03,false,0
uid-942677281430279359,2015-01-29,false,0
uid-942677281430279360,2015-02-06,false,0
uid-942677281430279361,2015-02-06,false,0
uid-942677281430279362,2015-01-02,false,0
uid-942677281430279363,2015-02-05,false,0
uid-942677281430279364,2015-01-02,false,0
uid-942677281430279365,2015-01-25,false,0
uid-942677281430279366,2015-01-19,false,0
uid-942677281430279367,2015-02-01,false,0
uid-942677281430279368,,false,0
uid-942677281430279369,2015-01-03,false,0
uid-942677281430279370,2015-01-17,false,0
uid-942677281430279371,2015-01-03,false,0
uid-942677281430279372,2015-02-04,false,0
uid-942677281430279373,2015-01-03,false,0
uid-942677281430279374,2015-02-06,true,0
uid-942677281430279375,2015-01-26,false,0
uid-942677281430279376,2015-02-05,false,0
uid-942677281430279377,,false,0
uid-942677281430279378,2015-01-16,false,0
uid-942677281430279379,2015-01-05,false,0
uid-942677281430279380,2015-02-05,true,0
uid-942677281430279381,2015-01-06,false,0
uid-942677281430279382,,false,0
uid-942677281430279383,2015-02-04,false,0
uid-942677281430279384,2015-01-06,false,0
uid-942677281430279385,2015-02-05,false,0
uid-953356951610509083,2014-09-20,false,0
uid-968351980555384065,,false,0
uid-973773058269049763,,false,0
uid-988061728858320291,2014-08-06,false,0
uid-1063452971208794050,2014-07-05,false,0
uid-1063452971208794051,2014-11-15,false,0
uid-1101134978101461653,2014-07-01,false,1
uid-1123746496894857128,2014-12-16,false,0
uid-1123746496894857129,2015-02-03,true,0
uid-1123746496894857130,2014-12-18,false,0
uid-1123746496894857131,2015-01-27,false,0
uid-1123746496894857132,2015-02-06,false,0
uid-1171341128380485653,,false,0
uid-1171341128380485654,2015-02-05,false,0
uid-1192013279094603312,,false,0
uid-1192013279094603313,,false,0
uid-1192013279094603314,,false,0
uid-1192013279094603315,,false,0
uid-1192013279094603316,2014-12-31,false,3
uid-1210561975675760724,,false,0
uid-1210561975675760725,,false,0
uid-1210561975675760726,,false,0
uid-1210561975675760727,2014-07-02,false,0
uid-1210561975675760728,2014-07-02,false,0
uid-1210561975675760729,2014-12-31,false,17
uid-1239551635251054406,2014-09-13,false,0
uid-1333063116360207684,2014-09-19,false,0
uid-1352247568516688610,2015-01-19,false,0
uid-1352247568516688611,2015-02-04,false,0
uid-1352247568516688612,2015-01-19,true,0
uid-1352247568516688613,2015-01-19,false,0
uid-1352247568516688614,2015-01-20,false,0
uid-1352247568516688615,2015-01-22,true,0
uid-1352247568516688616,,false,0
uid-1352247568516688617,2015-02-04,false,10
uid-1364527996327413034,2014-07-01,false,0
uid-1370974483163565408,2014-11-14,false,3
uid-1457195794426975041,,false,0
uid-1481793385209323649,2014-07-04,false,0
uid-1491104067552395849,,false,0
uid-1491104067552395850,,false,0
uid-1491104067552395851,,false,0
uid-1491104067552395852,2014-05-01,false,0
uid-1491104067552395853,,false,0
uid-1491104067552395854,,false,0
uid-1502881360908469529,,false,0
uid-1506162771977875673,2014-10-23,false,4
uid-1506162771977875674,2014-10-29,false,0
uid-1506162771977875675,,false,0
uid-1506162771977875676,2014-10-23,false,0
uid-1506162771977875677,2014-10-27,false,0
uid-1529409676380609238,2014-10-17,false,0
uid-1529409676380609239,2014-11-19,false,0
uid-1568595066748855341,2015-01-12,false,0
uid-1568595066748855342,2015-02-06,false,0
uid-1568595066748855343,2014-11-22,false,0
uid-1568595066748855344,,false,0
uid-1569566829707072999,,false,0
uid-1588651181885950306,2015-02-05,false,0
uid-1588651181885950307,2015-02-06,true,0
uid-1588651181885950308,2014-11-19,false,0
uid-1588651181885950309,2015-02-06,false,0
uid-1588651181885950310,2014-11-18,false,0
uid-1588651181885950311,2014-11-18,false,0
uid-1588651181885950312,,false,0
uid-1627152778743106907,2014-10-31,false,0
uid-1639630007477671763,,false,0
uid-1639630007477671764,2015-01-15,false,0
uid-1639630007477671765,2015-02-06,true,2
uid-1639630007477671766,2015-02-05,true,32
uid-1639630007477671767,2015-02-05,true,16
uid-1639630007477671768,2014-09-08,false,0
uid-1639630007477671769,2014-09-08,false,0
uid-1639630007477671770,2015-02-05,false,0
uid-1639630007477671772,,false,0
uid-1639630007477671773,2014-11-20,true,5
uid-1639630007477671774,2014-10-15,false,0
uid-1639630007477671775,,false,0
uid-1639630007477671776,2014-09-12,false,0
uid-1639630007477671777,2014-09-15,true,0
uid-1639630007477671778,2015-02-04,true,1
uid-1639630007477671779,2014-09-12,false,0
uid-1639630007477671780,2014-12-30,true,20
uid-1639630007477671781,2014-09-12,false,0
uid-1639630007477671782,2014-09-12,false,0
uid-1639630007477671783,2014-09-13,false,0
uid-1639630007477671784,2014-09-14,false,1
uid-1639630007477671785,2015-01-01,false,0
uid-1639630007477671786,2014-09-19,false,0
uid-1639630007477671787,2014-11-16,false,0
uid-1639630007477671788,2014-09-29,true,0
uid-1639630007477671789,2014-09-19,false,0
uid-1657897923691064024,2015-02-05,false,0
uid-1657897923691064025,2015-01-19,false,0
uid-1657897923691064026,,false,0
uid-1657897923691064027,2015-02-06,false,2
uid-1657897923691064028,2015-01-14,false,0
uid-1657897923691064029,2015-01-14,false,0
uid-1657897923691064030,2015-01-14,false,0
uid-1657897923691064031,2015-01-25,false,0
uid-1657897923691064032,2015-02-05,false,0
uid-1657897923691064033,2015-01-15,false,0
uid-1657897923691064034,2015-02-06,false,1
uid-1657897923691064035,2015-01-15,false,0
uid-1657897923691064036,2015-01-15,false,0
uid-1657897923691064037,2015-01-30,false,0
uid-1657897923691064038,2015-01-24,false,0
uid-1657897923691064039,2015-02-04,false,0
uid-1657897923691064040,2015-02-04,false,0
uid-1657897923691064041,2015-01-27,false,0
uid-1657897923691064042,2015-02-06,false,0
uid-1657897923691064043,2015-02-04,false,0
uid-1657897923691064044,2015-02-05,false,0
uid-1657897923691064045,2015-02-05,true,0
uid-1657897923691064046,2015-02-02,false,0
uid-1657897923691064047,2015-02-06,false,0
uid-1657897923691064048,,false,0
uid-1657897923691064049,2015-02-05,false,0
uid-1657897923691064050,2015-02-03,false,0
uid-1657897923691064051,2015-01-16,false,0
uid-1657897923691064052,2015-01-28,false,0
uid-1657897923691064053,2015-01-28,false,0
uid-1657897923691064054,2015-01-16,false,0
uid-1657897923691064055,2015-02-05,false,0
uid-1657897923691064056,2015-02-02,false,0
uid-1657897923691064057,2015-02-05,false,1
uid-1657897923691064058,,false,0
uid-1657897923691064059,,false,0
uid-1657897923691064060,,false,0
uid-1657897923691064061,2015-02-04,false,0
uid-1657897923691064062,2015-01-17,false,0
uid-1657897923691064063,2015-01-30,false,0
uid-1657897923691064064,2015-02-02,false,0
uid-1657897923691064065,2015-01-20,false,0
uid-1657897923691064066,2015-01-17,false,0
uid-1657897923691064067,2015-01-20,false,0
uid-1657897923691064068,,false,0
uid-1657897923691064069,2015-01-21,true,0
uid-1657897923691064070,2015-02-06,false,0
uid-1657897923691064071,2015-01-21,false,0
uid-1657897923691064072,2015-02-05,false,0
uid-1657897923691064073,2015-01-18,false,0
uid-1657897923691064074,2015-01-19,true,0
uid-1667164618187727355,2014-09-09,false,0
uid-1690703663724698944,2015-02-06,true,8
uid-1690703663724698945,2015-01-10,false,0
uid-1708282929154595205,2014-08-13,false,0
uid-1725235943194291516,,false,0
uid-1725235943194291517,2015-02-05,false,0
uid-1725235943194291518,2015-02-04,false,20
uid-1725235943194291519,2015-02-02,false,0
uid-1725235943194291520,2014-11-07,false,0
uid-1725235943194291521,2014-10-30,false,0
uid-1725235943194291522,2014-11-24,false,0
uid-1725235943194291523,2014-10-30,false,0
uid-1725235943194291524,2015-02-05,false,0
uid-1725235943194291525,2014-12-16,false,0
uid-1725235943194291526,2014-11-02,false,0
uid-1725235943194291527,2014-11-19,false,0
uid-1725235943194291528,2014-11-19,false,4
uid-1725235943194291529,2015-01-24,false,0
uid-1730563173626535475,,false,0
uid-1730563173626535476,2014-07-13,false,0
uid-1730563173626535477,2014-07-15,false,0
uid-1730563173626535478,2014-07-15,false,0
uid-1730563173626535479,2014-07-20,true,0
uid-1730563173626535480,,false,0
uid-1730563173626535481,2014-07-24,false,0
uid-1792928330058200659,,false,0
uid-1799380304538297667,2015-02-01,false,0
uid-1799380304538297668,2015-02-06,false,3
uid-1799380304538297669,2015-02-04,false,0
uid-1799380304538297670,,false,0
uid-1855068617809991261,2014-05-31,false,0
uid-1904514427512542308,,false,0
uid-1904762808672669850,2014-11-16,false,0
uid-1904762808672669851,2014-11-25,false,0
uid-1904762808672669852,2015-02-06,false,0
uid-1904762808672669853,2014-11-18,false,0
uid-1904762808672669854,2015-02-05,false,0
uid-1904762808672669855,2014-11-17,false,0
uid-1904762808672669856,2015-02-06,false,0
uid-1904762808672669857,2014-11-17,false,0
uid-1904762808672669858,2015-02-04,false,0
uid-1904762808672669859,2015-02-03,false,0
uid-1904762808672669860,2015-02-06,true,0
uid-1917035256310762348,2014-07-24,false,2
uid-1917035256310762349,2014-05-22,false,1
uid-1917035256310762350,,false,0
uid-1917035256310762351,,false,0
uid-1917035256310762352,2014-11-19,false,0
uid-1917035256310762353,2014-05-31,false,0
uid-1917035256310762354,2014-05-31,false,0
uid-1917035256310762355,2014-06-01,false,0
uid-1917035256310762356,2015-02-05,true,239
uid-1930520619170128822,2015-02-03,false,0
uid-1930520619170128823,2015-02-05,false,0
uid-1930520619170128824,2015-02-06,false,0
uid-1930520619170128825,,false,0
uid-1930520619170128826,2015-02-03,false,0
uid-1959774523483921925,2014-11-05,false,0
uid-1959774523483921926,2014-11-20,false,0
uid-1959774523483921927,2014-10-31,false,0
uid-1959774523483921928,2015-02-06,false,0
uid-1959774523483921929,2014-10-31,false,0
uid-1959774523483921930,2015-02-04,false,2
uid-1959774523483921931,2014-11-01,false,0
uid-1959774523483921932,2015-01-15,false,0
uid-1959774523483921933,2015-02-05,false,0
uid-1959774523483921934,,false,0
uid-1959774523483921935,2014-11-01,false,0
uid-1959774523483921936,2014-11-01,false,0
uid-1959774523483921937,2014-12-02,false,0
uid-1959774523483921938,2014-11-01,false,0
uid-1959774523483921939,2014-11-02,false,0
uid-1959774523483921940,,false,0
uid-1959774523483921941,2014-11-20,false,0
uid-1959774523483921942,2014-11-07,false,0
uid-1959774523483921943,2014-12-24,true,0
uid-1959774523483921944,2015-02-05,false,0
uid-1959774523483921945,2014-11-13,false,0
uid-1992425284049366960,2014-12-19,false,0
uid-1992425284049366961,2014-12-24,false,0
uid-1992425284049366962,2014-12-23,false,0
uid-2019049096049076659,,false,0
uid-2031115705546437911,,false,0
uid-2031115705546437912,2015-02-01,false,0
uid-2081576863016438571,,false,0
uid-2096413499805662511,2014-07-14,false,0
uid-2197440168771870518,2015-02-01,false,0
uid-2197440168771870519,,false,0
uid-2197440168771870520,2015-02-02,false,0
uid-2215873370850136303,2014-11-18,false,3
uid-2237055333887371087,,false,0
uid-2268721431454466531,2014-11-23,false,0
uid-2277732417034729566,2014-05-14,false,0
uid-2277732417034729567,2014-05-15,false,0
uid-2286541046754800002,2014-05-18,false,0
uid-2286541046754800003,2014-09-01,false,0
uid-2286541046754800004,2014-08-30,false,0
uid-2304442702263116230,2014-12-30,false,5
uid-2322605775160628373,,false,0
uid-2350789765717880243,2015-02-06,true,25
uid-2360912254189819657,,false,0
uid-2381795945826594938,,false,0
uid-2439379794235606313,2015-01-28,true,0
uid-2439379794235606314,2015-01-28,false,0
uid-2439379794235606315,2015-02-06,false,0
uid-2439379794235606316,2015-01-29,false,0
uid-2439379794235606317,2015-02-05,false,0
uid-2439379794235606318,2015-02-05,false,0
uid-2439379794235606319,2015-01-29,false,0
uid-2439379794235606320,2015-02-05,false,0
uid-2439379794235606321,2015-02-05,true,0
uid-2439379794235606322,2015-01-29,false,0
uid-2439379794235606323,2015-02-04,false,0
uid-2439379794235606324,2015-01-30,false,0
uid-2439379794235606325,,false,0
uid-2439379794235606326,2015-01-30,false,0
uid-2439379794235606327,2015-02-06,false,0
uid-2441072276051590248,,false,0
uid-2441072276051590249,,false,0
uid-2446066838957401871,,false,0
uid-2449726486029331632,2014-10-28,false,2
uid-2449726486029331633,2014-10-29,true,0
uid-2460292500206509359,,false,0
uid-2467142322410347956,2015-01-30,false,0
uid-2475183349165560440,2014-09-16,false,1
uid-2475183349165560441,2015-02-02,false,0
uid-2475183349165560442,2014-08-28,false,0
uid-2475183349165560443,2015-01-14,false,0
uid-2475183349165560444,2014-08-30,false,0
uid-2475183349165560445,2014-10-14,false,0
uid-2475183349165560446,2014-10-31,false,0
uid-2475183349165560447,2014-10-14,false,3
uid-2475183349165560448,2014-08-28,false,0
uid-2475183349165560449,2014-11-18,false,0
uid-2548898757897074453,,false,0
uid-2552129785104436688,,false,0
uid-2553235734972705919,2015-02-06,true,37
uid-2574738995880809442,2015-01-11,false,0
uid-2574738995880809443,2015-01-30,false,0
uid-2574738995880809444,2015-01-28,false,0
uid-2574738995880809445,2015-01-11,false,0
uid-2574738995880809446,2015-02-06,true,0
uid-2574738995880809447,2015-01-11,false,0
uid-2574738995880809448,,false,0
uid-2574738995880809449,2015-02-06,false,0
uid-2574738995880809450,2015-01-12,false,0
uid-2574738995880809451,2015-01-22,true,0
uid-2574738995880809452,2015-01-12,false,0
uid-2574738995880809453,2015-01-12,false,0
uid-2574738995880809454,2015-01-24,false,1
uid-2574738995880809455,2015-01-13,false,0
uid-2580883804431195043,2014-12-31,false,0
uid-2597541166157267214,2014-09-19,false,0
uid-2599900644101122086,,false,0
uid-2618424882935405229,2014-11-10,false,0
uid-2633398415431616793,2014-09-24,false,0
uid-2642504811511040521,2015-02-01,false,0
uid-2661844805740757640,,false,0
uid-2713012939311775302,,false,0
uid-2739738947337355359,2014-06-28,false,1
uid-2798357177036492520,2015-02-05,true,8
uid-2812161522626684373,2015-01-15,false,0
uid-2812161522626684374,2015-01-07,false,0
uid-2812161522626684375,2014-12-29,false,0
uid-2812161522626684376,2014-12-26,false,0
uid-2812161522626684377,2014-12-26,false,0
uid-2812161522626684378,2014-12-28,false,0
uid-2812161522626684379,2014-12-27,false,0
uid-2812161522626684380,2014-12-26,false,0
uid-2812161522626684381,2014-12-26,false,0
uid-2812161522626684382,2015-01-02,false,0
uid-2812161522626684383,2015-01-02,false,0
uid-2812161522626684384,2015-01-28,false,0
uid-2812161522626684385,2015-02-06,false,0
uid-2812161522626684386,2014-12-28,false,0
uid-2812161522626684387,2015-01-02,false,0
uid-2812161522626684388,2015-01-14,false,0
uid-2812161522626684389,,false,0
uid-2812161522626684390,2015-02-06,false,0
uid-2812161522626684391,2015-02-03,false,0
uid-2849812016036985153,2014-07-30,false,0
uid-2851228416444667030,,false,0
uid-2897592466106669518,,false,0
uid-2907186228649089358,,false,0
uid-2907186228649089359,2015-01-21,true,1
uid-2907186228649089360,2015-01-22,false,0
uid-2907186228649089361,2015-01-27,false,0
uid-2907186228649089362,2015-02-06,false,0
uid-2907186228649089363,2015-02-03,false,1
uid-2907186228649089364,2015-01-26,false,0
uid-2907186228649089365,2015-01-21,false,0
uid-2949346960140345930,2015-02-05,false,0
uid-2949346960140345931,2015-02-05,false,0
uid-2949346960140345932,2014-12-22,false,0
uid-2949346960140345933,2014-12-22,false,0
uid-2949346960140345934,2014-12-23,false,0
uid-2949346960140345935,2014-12-23,false,0
uid-2949346960140345936,2015-02-02,false,0
uid-2949346960140345937,2014-12-23,false,0
uid-2952284496566719959,,false,0
uid-2952284496566719960,2015-02-05,false,0
uid-2952284496566719961,2014-12-13,false,0
uid-2952284496566719962,2014-12-13,false,0
uid-3008433417634782521,,false,0
uid-3014070650799936715,,false,0
uid-3053444205980321778,,false,0
uid-3074460076586693204,,false,0
uid-3074460076586693205,,false,0
uid-3078386531677230780,2014-09-17,false,1
uid-3078835216647760815,,false,0
uid-3110434563012788819,2014-06-25,false,0
uid-3135117596840251135,,false,0
uid-3144103867131425216,2014-09-24,false,0
uid-3161891972848110395,,false,0
uid-3161891972848110396,2014-09-04,false,4
uid-3193316940275900606,2014-07-28,true,0
uid-3257948362904845857,2015-01-28,false,0
uid-3281880191199267029,,false,0
uid-3287943366583496449,2014-09-24,false,0
uid-3317374428007345616,2015-01-23,false,0
uid-3343995259781354044,2014-07-12,false,0
uid-3344374518703545084,2015-01-14,true,0
uid-3344374518703545085,2014-12-31,false,0
uid-3344374518703545086,2015-02-04,true,0
uid-3356965167320494236,2015-02-04,false,0
uid-3356965167320494237,2015-02-06,false,0
uid-3372146049411848904,,false,0
uid-3372146049411848905,,false,0
uid-3380717417747128764,2014-11-20,false,0
uid-3472188184772409706,,false,0
uid-3478836122394615176,2014-11-11,false,0
uid-3478836122394615177,,false,0
uid-3478836122394615178,,false,0
uid-3478836122394615179,,false,0
uid-3478836122394615180,2014-05-28,false,0
uid-3478836122394615181,2014-05-30,false,0
uid-3478836122394615182,2014-05-30,false,0
uid-3478836122394615183,2014-08-07,false,0
uid-3478836122394615184,,false,0
uid-3510410527893861728,2014-08-15,true,0
uid-3510410527893861729,2014-08-17,false,0
uid-3510410527893861730,2015-02-05,false,1
uid-3510410527893861731,2015-02-06,true,2
uid-3510410527893861732,2014-10-11,false,0
uid-3516484074484369857,,false,0
uid-3516484074484369858,2014-11-13,false,5
uid-3516484074484369859,,false,0
uid-3516484074484369860,2014-06-26,false,0
uid-3530078056738491727,2015-02-06,false,0
uid-3586987621114453767,,false,0
uid-3638628787099625281,2015-02-06,false,6
uid-3644424414105785086,2014-10-29,false,0
uid-3644424414105785087,2014-10-29,false,0
uid-3644424414105785088,2014-10-29,false,0
uid-3660798334728526422,2015-02-05,false,0
uid-3660798334728526423,2014-12-21,false,0
uid-3660798334728526424,2014-12-27,false,0
uid-3660798334728526425,2015-02-06,false,0
uid-3660798334728526426,2015-02-05,false,0
uid-3660798334728526427,2015-01-23,false,1
uid-3660798334728526428,2014-12-24,false,0
uid-3685306948218031665,,false,0
uid-3685306948218031666,2015-01-12,false,0
uid-3685306948218031667,2015-02-06,false,0
uid-3685306948218031668,2015-02-05,false,0
uid-3685306948218031669,2015-01-09,false,0
uid-3685306948218031670,2015-01-10,false,1
uid-3685306948218031671,2015-01-30,false,0
uid-3685306948218031672,2015-02-05,true,7
uid-3685306948218031673,,false,0
uid-3685306948218031674,2015-01-17,false,0
uid-3685306948218031675,2015-01-17,false,0
uid-3685306948218031676,2015-01-08,false,0
uid-3685306948218031677,,false,0
uid-3685306948218031678,,false,0
uid-3685306948218031679,,false,0
uid-3685306948218031680,2015-01-26,false,0
uid-3685306948218031681,2015-01-08,false,0
uid-3685306948218031682,2015-01-09,false,0
uid-3685306948218031683,2015-02-05,false,0
uid-3685306948218031684,2015-02-02,false,0
uid-3685306948218031685,2015-02-05,true,0
uid-3688118382361809281,2015-01-21,false,0
uid-3688118382361809282,2015-01-19,false,0
uid-3688118382361809283,,false,0
uid-3688118382361809284,2015-02-04,false,0
uid-3688118382361809285,2015-01-20,false,0
uid-3688118382361809286,2015-02-04,false,12
uid-3688118382361809287,2015-01-23,true,0
uid-3688118382361809288,2015-01-21,false,0
uid-3688118382361809289,2015-02-05,false,0
uid-3688118382361809290,,false,0
uid-3688118382361809291,2015-01-22,false,0
uid-3712541270079291573,2014-04-30,false,0
uid-3740612471806260293,2015-01-28,true,0
uid-3794457166204286602,2014-12-20,false,0
uid-3829965866471051858,,false,0
uid-3883406369967967231,,false,0
uid-3883406369967967232,2014-12-05,false,0
uid-3883406369967967233,2014-12-06,false,0
uid-3883406369967967234,2014-12-05,false,0
uid-3883406369967967235,2014-12-06,false,0
uid-3883406369967967236,2014-12-18,false,0
uid-3883406369967967237,2014-12-11,false,0
uid-3883406369967967238,2015-02-06,false,0
uid-3883406369967967239,2014-12-09,false,0
uid-3883406369967967240,2015-02-05,false,0
uid-3883406369967967241,,false,0
uid-3883406369967967242,2015-02-04,false,0
uid-3883406369967967243,2014-12-07,false,0
uid-3883406369967967244,,false,0
uid-3883406369967967245,2014-12-22,false,0
uid-3883406369967967246,2014-12-24,false,0
uid-3883406369967967247,2014-12-09,false,0
uid-3883406369967967248,2014-12-09,false,0
uid-3883406369967967249,2015-02-06,false,0
uid-3883406369967967250,2014-12-24,false,0
uid-3883406369967967251,2014-12-22,false,0
uid-3883406369967967252,2014-12-09,false,0
uid-3883406369967967253,2015-01-11,false,0
uid-3883406369967967254,2015-01-26,false,0
uid-3883406369967967255,2015-02-06,false,0
uid-3883406369967967256,2014-12-14,false,0
uid-3883406369967967257,2015-02-05,true,0
uid-3883406369967967258,,false,0
uid-3883406369967967259,2014-12-10,false,0
uid-3885606395984743367,2014-10-24,false,0
uid-3915743569966696722,,false,0
uid-3916586268100219809,2015-02-06,false,2
uid-3916586268100219810,,false,0
uid-3916586268100219811,2014-10-29,false,0
uid-3916586268100219812,2015-01-30,false,7
uid-3916586268100219813,,false,0
uid-3916586268100219814,,false,0
uid-3916586268100219815,,false,0
uid-3916586268100219816,,false,0
uid-3933838589043354090,2014-08-12,false,4
uid-3943492482077847893,2015-01-26,false,0
uid-3982943317754326127,,false,0
uid-4027184607970950578,2014-10-23,false,0
uid-4028384587424650575,2014-05-04,false,0
uid-4028384587424650576,2015-01-11,false,0
uid-4052736708096063441,2014-11-07,false,0
uid-4069611409011232830,2014-08-29,false,0
uid-4084387342382841728,2015-02-04,false,0
uid-4084387342382841729,2015-02-04,false,0
uid-4084387342382841730,2015-02-04,false,0
uid-4084387342382841731,,false,0
uid-4084387342382841732,2015-02-04,false,0
uid-4084387342382841733,2015-02-05,false,0
uid-4084387342382841734,2015-02-04,false,0
uid-4084387342382841735,2015-02-05,false,0
uid-4084387342382841736,2015-02-05,false,0
uid-4084387342382841737,2015-02-05,false,0
uid-4084387342382841738,2015-02-06,true,0
uid-4116970025014812745,2014-11-20,false,0
uid-4220606373785086319,2014-09-12,false,0
uid-4234003782564931044,,false,0
uid-4243310190109694694,2015-02-02,false,0
uid-4243310190109694695,2015-02-05,true,0
uid-4243310190109694696,2015-02-06,false,0
uid-4243310190109694697,2015-02-02,false,0
uid-4243310190109694698,2015-02-03,false,0
uid-4254171063205600235,,false,0
uid-4254171063205600236,,false,0
uid-4254171063205600237,2014-09-13,false,1
uid-4264527757916383692,2015-01-19,false,0
uid-4264527757916383693,2015-01-13,false,0
uid-4264527757916383694,2015-01-30,true,0
uid-4287874108932956727,2014-11-24,false,0
uid-4333367279312829941,2015-02-06,false,0
uid-4333367279312829942,2014-09-02,false,1
uid-4333367279312829943,2014-11-19,false,2
uid-4333367279312829944,2014-08-21,false,4
uid-4333367279312829945,2014-10-05,false,1
uid-4333367279312829946,,false,0
uid-4333367279312829947,2014-10-14,false,0
uid-4333367279312829948,2014-08-26,false,0
uid-4333367279312829949,2015-01-17,false,0
uid-4333367279312829950,2015-02-05,false,0
uid-4333367279312829951,2015-02-06,false,6
uid-4333367279312829952,2015-01-13,false,12
uid-4333367279312829953,2014-08-25,false,0
uid-4333367279312829954,2015-02-05,false,18
uid-4336972509550173750,2015-01-02,false,3
uid-4336972509550173751,2014-08-27,false,7
uid-4336972509550173752,2015-01-29,false,0
uid-4336972509550173753,,false,0
uid-4336972509550173754,2014-08-11,false,0
uid-4336972509550173755,2014-08-27,false,3
uid-4336972509550173756,2014-06-19,false,0
uid-4336972509550173757,2015-02-06,true,85
uid-4336972509550173758,2014-09-26,false,2
uid-4336972509550173759,2014-08-27,true,7
uid-4336972509550173760,2014-08-15,false,3
uid-4336972509550173761,2014-05-23,false,6
uid-4336972509550173762,2014-12-08,false,3
uid-4336972509550173763,2014-05-14,false,0
uid-4336972509550173764,,false,0
uid-4336972509550173765,,false,0
uid-4336972509550173766,2015-01-23,false,2
uid-4336972509550173767,2015-01-22,false,37
uid-4336972509550173768,2015-01-21,false,1
uid-4336972509550173769,,false,0
uid-4336972509550173770,2014-06-05,false,4
uid-4336972509550173771,2014-06-04,false,2
uid-4336972509550173772,,false,0
uid-4336972509550173773,,false,0
uid-4336972509550173774,,false,0
uid-4336972509550173775,,false,0
uid-4336972509550173776,2015-01-30,false,3
uid-4336972509550173777,2015-01-26,true,44
uid-4362846581387674189,,false,0
uid-4381431534779103263,2014-06-17,false,0
uid-4388426507082786211,,false,0
uid-4399706640101864856,2014-07-08,false,0
uid-4429179151714092600,2014-09-01,false,0
uid-4429179151714092601,,false,0
uid-4429179151714092602,2014-09-06,false,1
uid-4429179151714092603,2014-10-28,false,0
uid-4429179151714092604,,false,0
uid-4429179151714092605,,false,0
uid-4429179151714092606,2014-09-17,true,1
uid-4429179151714092607,2014-11-25,false,0
uid-4429179151714092608,,false,0
uid-4429179151714092609,2014-10-16,false,1
uid-4429179151714092610,2015-02-05,false,0
uid-4429179151714092611,,false,0
uid-4429179151714092612,,false,0
uid-4429179151714092614,2014-11-20,true,0
uid-4429179151714092615,,false,0
uid-4429179151714092616,2014-12-27,true,0
uid-4429179151714092617,2014-09-12,false,0
uid-4429179151714092618,2014-11-25,false,0
uid-4429179151714092619,2014-10-24,false,0
uid-4429179151714092620,2015-01-16,false,0
uid-4429179151714092621,2015-02-02,false,0
uid-4429179151714092622,2014-11-28,false,0
uid-4429179151714092623,,false,0
uid-4429179151714092624,2014-09-18,false,0
uid-4429179151714092625,2015-01-19,false,0
uid-4429179151714092626,2014-09-16,false,0
uid-4429179151714092627,2014-09-26,false,6
uid-4429179151714092628,,false,0
uid-4429179151714092629,2014-09-19,false,0
uid-4453463485607711116,,false,0
uid-4453463485607711117,2015-02-06,true,0
uid-4453463485607711118,2014-12-26,false,0
uid-4453463485607711119,2014-12-27,false,0
uid-4453463485607711120,2014-12-27,false,0
uid-4453463485607711121,2014-12-26,false,0
uid-4453463485607711122,2015-01-06,false,0
uid-4453463485607711123,2015-01-30,true,0
uid-4453463485607711124,2014-12-28,false,0
uid-4453463485607711125,,false,0
uid-4453463485607711126,2014-12-29,false,0
uid-4453463485607711127,2014-12-30,false,0
uid-4453463485607711128,2014-12-30,false,0
uid-4453463485607711129,2014-12-31,false,0
uid-4453463485607711130,2014-12-31,false,0
uid-4453463485607711131,2014-12-31,false,0
uid-4453463485607711132,,false,0
uid-4453463485607711133,2015-01-24,false,0
uid-4453463485607711134,2015-01-16,false,0
uid-4453463485607711135,2015-01-22,false,0
uid-4483775557552017675,,false,0
uid-4483775557552017676,,false,0
uid-4483775557552017677,,false,0
uid-4510275432433623600,2014-09-16,false,0
uid-4514055893276165066,2015-02-06,false,0
uid-4514055893276165067,2015-02-02,false,0
uid-4514055893276165068,2015-02-05,false,0
uid-4514055893276165069,,false,0
uid-4514055893276165070,2015-01-29,false,0
uid-4514055893276165071,2014-12-31,false,0
uid-4514055893276165072,2015-02-04,false,0
uid-4514055893276165073,2015-01-25,false,0
uid-4529677401235779671,2015-01-09,false,0
uid-4548407463979001312,2014-05-14,false,0
uid-4593779421675570177,2014-09-05,false,0
uid-4638392471945183953,2014-10-22,false,0
uid-4662434393774906827,2014-09-24,false,0
uid-4665019868217846927,,false,0
uid-4668908067326037537,2014-06-10,false,0
uid-4668908067326037538,2014-07-09,false,0
uid-4668908067326037539,2014-06-10,false,0
uid-4668908067326037540,2014-06-12,false,0
uid-4668908067326037541,,false,0
uid-4673418265343062304,2014-09-23,false,0
uid-4673418265343062305,2014-09-28,false,1
uid-4673418265343062306,2014-09-22,false,0
uid-4673418265343062307,2014-10-04,false,34
uid-4673418265343062308,2014-09-24,false,0
uid-4673418265343062309,,false,0
uid-4758059114727476633,2014-09-06,false,0
uid-4768659671347582438,2015-02-05,true,19
uid-4768659671347582439,2015-01-21,false,0
uid-4768659671347582440,2015-01-30,false,0
uid-4768659671347582441,2015-02-06,false,0
uid-4768659671347582442,2015-01-29,false,0
uid-4793675552627427753,,false,0
uid-4793675552627427754,,false,0
uid-4793675552627427755,,false,0
uid-4793675552627427756,,false,0
uid-4793675552627427757,,false,0
uid-4793675552627427758,,false,0
uid-4793675552627427759,,false,0
uid-4793675552627427760,,false,0
uid-4793675552627427761,,false,0
uid-4816795086617325499,2014-07-16,false,0
uid-4825342923604163561,2014-10-16,true,0
uid-4825342923604163562,,false,0
uid-4825342923604163563,2014-11-30,false,0
uid-4825342923604163564,2014-11-19,false,0
uid-4825342923604163565,2015-02-06,false,0
uid-4825342923604163566,2014-10-20,false,0
uid-4825342923604163567,2015-01-24,false,0
uid-4825342923604163568,2014-10-17,false,0
uid-4825342923604163569,2014-12-13,false,0
uid-4825342923604163570,,false,0
uid-4825342923604163571,2014-10-19,false,0
uid-4825342923604163572,2014-10-20,false,0
uid-4843398603343663526,2014-11-17,false,0
uid-4868079313818840385,,false,0
uid-4868079313818840386,,false,0
uid-4868079313818840387,2014-11-10,false,0
uid-4883080523489554866,2014-12-19,false,0
uid-4883080523489554867,2015-01-22,false,0
uid-4966530919198397972,2014-07-20,false,0
uid-4967411330266229378,,false,0
uid-4967411330266229379,2014-08-26,false,1
uid-4967411330266229380,2015-01-25,false,0
uid-4973237436953086811,,false,0
uid-5009851736772529820,,false,0
uid-5009851736772529821,,false,0
uid-5015656432594067890,,false,0
uid-5023078985052522901,2015-02-06,true,0
uid-5023078985052522902,,false,0
uid-5023078985052522903,,false,0
uid-5023078985052522904,,false,0
uid-5023078985052522905,,false,0
uid-5023078985052522906,,false,0
uid-5023078985052522907,2015-01-11,false,0
uid-5023078985052522908,2015-02-05,false,0
uid-5057906242598136915,2015-02-02,false,0
uid-5057906242598136916,2015-02-06,true,1
uid-5057906242598136917,2015-02-02,false,0
uid-5057906242598136918,2015-02-04,false,0
uid-5057906242598136919,2015-02-02,false,0
uid-5057906242598136920,2015-02-04,false,0
uid-5057906242598136921,2015-02-03,false,0
uid-5107122895566696685,2014-12-18,false,1
uid-5107122895566696686,2014-11-17,false,0
uid-5107122895566696687,2014-11-20,false,1
uid-5107122895566696688,2014-11-17,false,0
uid-5107122895566696689,2015-02-06,false,0
uid-5119663929843637469,2014-11-19,false,0
uid-5124197039755477517,2014-06-10,false,1
uid-5126821183667230852,2014-07-09,false,0
uid-5130273667442780124,2015-02-05,false,0
uid-5130273667442780125,2015-02-06,false,0
uid-5167644694380677446,,false,0
uid-5167644694380677447,2014-10-14,false,0
uid-5167644694380677448,2014-10-14,false,0
uid-5167644694380677449,2014-10-14,false,0
uid-5167644694380677450,2014-11-19,true,11
uid-5167644694380677451,2014-10-15,false,0
uid-5196601786841238855,2014-05-15,false,1
uid-5229618004513600296,2015-02-04,false,0
uid-5229618004513600297,2015-02-04,false,0
uid-5229618004513600298,2015-02-06,false,0
uid-5229618004513600299,2015-02-04,false,0
uid-5231292624822382407,2014-07-29,false,0
uid-5261697728633641359,2014-07-23,false,0
uid-5261697728633641360,2014-07-09,false,0
uid-5261697728633641361,,false,0
uid-5261697728633641362,2014-06-30,false,0
uid-5344406681950136058,2015-02-02,false,0
uid-5344406681950136059,2015-02-02,false,0
uid-5344406681950136060,2015-02-06,false,0
uid-5420377339354316244,2014-11-22,true,0
uid-5420377339354316245,2014-11-04,false,0
uid-5420377339354316246,,false,0
uid-5432697711372021182,2014-04-30,false,0
uid-5439384305067653434,,false,0
uid-5443667319047477519,,false,0
uid-5460068463007552731,2014-10-30,false,1
uid-5460068463007552732,2014-06-10,false,0
uid-5460068463007552733,2014-06-10,false,0
uid-5460068463007552734,2014-06-10,false,0
uid-5530134967483731526,2014-10-12,false,8
uid-5531167813929570778,,false,0
uid-5561301526114661113,2015-02-06,false,0
uid-5561301526114661114,2015-01-23,false,0
uid-5561301526114661115,,false,0
uid-5561301526114661116,2015-01-15,false,0
uid-5561301526114661117,2015-01-11,false,0
uid-5561301526114661118,2015-01-11,false,0
uid-5561301526114661119,2015-01-17,false,0
uid-5561301526114661120,2015-01-12,false,0
uid-5561301526114661121,2015-01-21,false,0
uid-5561301526114661122,2015-01-15,false,0
uid-5561301526114661123,2015-01-13,false,0
uid-5628842795894799203,2015-02-06,false,135
uid-5634989867011603555,2015-02-06,false,0
uid-5637313174098711063,2014-09-19,false,0
uid-5639595656665480364,,false,0
uid-5674391233476747388,2014-09-23,false,0
uid-5679053910076696983,2014-11-08,false,0
uid-5713412990126756868,2014-10-24,true,14
uid-5713412990126756869,,false,0
uid-5713412990126756870,2014-08-18,false,0
uid-5713412990126756871,,false,0
uid-5713412990126756872,2014-07-25,true,0
uid-5770708514286371635,,false,0
uid-5792394290327519409,2014-12-19,false,1
uid-5852605456899453327,2015-02-01,false,0
uid-5852605456899453328,2014-12-15,false,0
uid-5889211434205611648,,false,0
uid-5889211434205611649,,false,0
uid-5889211434205611650,2014-09-04,false,0
uid-5889211434205611651,2014-09-06,false,0
uid-5889211434205611652,,false,0
uid-5889211434205611653,2014-10-07,true,0
uid-5889211434205611654,2014-11-17,false,0
uid-5889211434205611655,2015-02-05,false,3
uid-5889211434205611656,2015-02-05,false,0
uid-5889211434205611657,2014-10-01,true,5
uid-5889211434205611658,,false,0
uid-5889211434205611659,,false,0
uid-5889211434205611660,2014-09-07,false,0
uid-5889211434205611661,2015-01-15,false,0
uid-5889211434205611662,2015-02-05,false,0
uid-5889211434205611663,,false,0
uid-5889211434205611664,2014-10-01,true,7
uid-5889211434205611665,2014-11-06,false,0
uid-5889211434205611666,2014-09-15,false,0
uid-5889211434205611667,2014-10-09,true,5
uid-5889211434205611668,2014-11-25,false,0
uid-5889211434205611669,2014-11-21,false,4
uid-5889211434205611670,2015-02-06,true,3
uid-5889211434205611671,,false,0
uid-5889211434205611672,2014-12-31,false,0
uid-5889211434205611673,,false,0
uid-5934736957278630127,2014-08-02,false,0
uid-5937021658569337980,2014-11-24,false,2
uid-6009140739499157641,2014-11-15,false,8
uid-6034091903689948300,2015-02-03,false,0
uid-6042731283273891870,,false,0
uid-6042731283273891871,2015-01-05,false,0
uid-6042731283273891872,,false,0
uid-6042731283273891873,2015-02-05,false,0
uid-6042731283273891874,2014-11-25,false,17
uid-6065044231659075138,,false,0
uid-6080114973894295348,2014-07-29,false,0
uid-6114765694424100577,2014-09-25,false,0
uid-6146768952332844569,2014-10-18,false,0
uid-6146768952332844570,,false,0
uid-6146768952332844571,2014-11-18,false,0
uid-6146768952332844572,2014-12-12,true,66
uid-6146768952332844573,2015-01-21,false,0
uid-6146768952332844574,2015-02-05,true,1
uid-6146768952332844575,2014-10-17,false,0
uid-6146768952332844576,2014-11-04,false,0
uid-6146768952332844577,2014-11-05,false,0
uid-6146768952332844578,2014-11-18,false,0
uid-6146768952332844579,2015-01-24,false,0
uid-6146768952332844580,,false,0
uid-6146768952332844581,2015-01-13,false,0
uid-6148156876662339136,2014-06-10,false,0
uid-6148156876662339137,2014-06-10,false,0
uid-6148156876662339138,,false,0
uid-6151009190722336727,2014-05-15,false,0
uid-6151009190722336728,2014-04-30,false,0
uid-6151009190722336729,2014-12-02,true,104
uid-6156896501748505724,,false,0
uid-6230899702026270014,2014-08-28,false,0
uid-6272228344306111355,2015-02-05,false,0
uid-6272228344306111356,2015-02-01,false,0
uid-6272228344306111357,2015-02-01,false,0
uid-6272228344306111358,2015-02-06,false,3
uid-6272228344306111359,2015-02-05,false,0
uid-6272228344306111360,2015-02-05,false,0
uid-6272228344306111361,2015-02-05,true,0
uid-6272228344306111362,2015-02-05,false,0
uid-6282243761630565772,2015-02-02,false,0
uid-6319664302911102808,2014-07-09,false,0
uid-6319664302911102809,2014-06-22,true,0
uid-6319664302911102810,2014-10-12,false,0
uid-6319664302911102811,2014-10-13,true,3
uid-6319664302911102812,,false,0
uid-6319664302911102813,2014-08-18,false,0
uid-6319664302911102814,2014-08-10,false,0
uid-6324600228575958040,2015-02-05,true,6
uid-6364778218169965592,2015-01-30,false,0
uid-6364778218169965593,2015-01-31,false,0
uid-6364778218169965594,2015-02-03,false,0
uid-6364778218169965595,2015-01-31,false,0
uid-6364778218169965596,2015-01-31,false,0
uid-6364778218169965597,2015-02-01,false,0
uid-6364778218169965598,,false,0
uid-6364778218169965599,,false,0
uid-6364778218169965600,2015-02-05,false,0
uid-6364778218169965601,2015-01-31,false,0
uid-6364778218169965602,2015-01-31,false,0
uid-6364778218169965603,2015-01-31,false,0
uid-6364778218169965604,2015-01-31,false,0
uid-6364778218169965605,2015-01-31,false,0
uid-6364778218169965606,2015-01-31,false,0
uid-6419266470960942297,2014-11-04,false,0
uid-6419266470960942298,2015-01-27,false,1
uid-6419266470960942299,2014-11-25,false,1
uid-6419266470960942300,2014-11-15,false,0
uid-6419266470960942301,2014-11-04,false,0
uid-6419266470960942302,,false,0
uid-6419266470960942303,2014-11-05,false,0
uid-6419266470960942304,2014-11-25,false,0
uid-6419266470960942305,,false,0
uid-6419266470960942306,2014-11-05,false,0
uid-6419266470960942307,2014-11-11,true,0
uid-6419266470960942308,2014-11-25,false,0
uid-6458990881349763157,2014-11-19,false,0
uid-6467905785335022520,2014-05-29,false,0
uid-6482141219742074073,2014-12-10,false,0
uid-6482141219742074074,2015-01-20,false,0
uid-6482141219742074075,2015-02-06,true,0
uid-6482141219742074076,2015-01-20,false,0
uid-6482141219742074077,2014-12-20,false,0
uid-6553488475370217822,,false,0
uid-6553488475370217823,,false,0
uid-6553488475370217824,,false,0
uid-6581315495273211117,2014-12-02,false,0
uid-6581315495273211118,2014-10-27,false,0
uid-6589032279274784466,2014-12-15,false,0
uid-6589032279274784467,2014-12-17,false,0
uid-6589032279274784468,2014-12-25,false,0
uid-6589032279274784469,2014-12-15,false,0
uid-6589032279274784470,2015-01-28,false,0
uid-6589032279274784471,2014-12-21,true,0
uid-6589032279274784472,2015-02-06,false,0
uid-6589032279274784473,,false,0
uid-6589032279274784474,,false,0
uid-6589032279274784475,2015-01-13,false,0
uid-6596734142128785838,,false,0
uid-6596734142128785839,2014-05-15,false,0
uid-6596734142128785840,,false,0
uid-6622729675071970192,,false,0
uid-6638366086186969130,2015-02-06,false,0
uid-6678893570148643279,2015-02-04,false,0
uid-6678893570148643280,2015-02-04,false,0
uid-6720281168657788831,,false,0
uid-6720281168657788832,,false,0
uid-6720281168657788833,,false,0
uid-6720281168657788834,,false,0
uid-6720281168657788835,,false,0
uid-6746629366583871126,2014-06-03,false,0
uid-6771289526822296926,2014-07-12,false,0
uid-6771289526822296927,2014-07-12,false,0
uid-6771289526822296928,,false,0
uid-6771289526822296929,2014-07-17,false,0
uid-6799649216337648612,2014-11-05,false,1
uid-6799858987362378828,2014-11-25,false,0
uid-6799858987362378829,,false,0
uid-6799858987362378830,,false,0
uid-6799858987362378831,,false,0
uid-6799858987362378832,2014-09-09,false,0
uid-6799858987362378833,2014-11-18,true,0
uid-6799858987362378834,,false,0
uid-6799858987362378835,,false,0
uid-6817496543097801017,2014-10-04,false,6
uid-6827477681074951467,,false,0
uid-6827477681074951468,,false,0
uid-6827477681074951469,,false,0
uid-6827477681074951470,,false,0
uid-6827477681074951471,,false,0
uid-6827477681074951472,,false,0
uid-6827477681074951473,,false,0
uid-6827477681074951474,,false,0
uid-6827477681074951475,,false,0
uid-6827477681074951476,2014-05-15,false,0
uid-6827477681074951477,,false,0
uid-6829978514575378328,2014-10-22,false,0
uid-6829978514575378329,2014-10-22,false,0
uid-6829978514575378330,,false,0
uid-6829978514575378331,,false,0
uid-6829978514575378332,,false,0
uid-6829978514575378333,2014-10-23,false,0
uid-6829978514575378334,2015-02-06,false,3
uid-6829978514575378335,,false,0
uid-6844554412655417837,,false,0
uid-6868140737145278900,2014-11-12,false,1
uid-6871862879434357169,,false,0
uid-6871862879434357170,,false,0
uid-6871862879434357171,,false,0
uid-6871862879434357172,2014-09-23,false,0
uid-6871862879434357173,,false,0
uid-6871862879434357174,,false,0
uid-6871862879434357175,2014-08-26,false,0
uid-6871862879434357176,,false,0
uid-6893424638130782421,2014-12-13,false,0
uid-6893424638130782422,2014-12-13,false,0
uid-6893424638130782423,2015-01-24,false,0
uid-6893424638130782424,2015-02-03,false,0
uid-6893424638130782425,2014-12-14,false,0
uid-6908039206146702105,2014-10-15,false,0
uid-6921572612786111312,2014-09-03,false,0
uid-6928513142044898164,2014-11-14,false,0
uid-6941288014678575302,2014-11-15,false,0
uid-6941288014678575303,,false,0
uid-6941288014678575304,,false,0
uid-6941288014678575305,,false,0
uid-6945818143099583196,,false,0
uid-6945818143099583197,,false,0
uid-6945818143099583198,2014-10-29,false,0
uid-6945818143099583199,2014-10-29,false,0
uid-6945818143099583200,2014-10-29,false,0
uid-6945818143099583201,2014-10-30,false,0
uid-6945818143099583202,2014-12-01,false,0
uid-6945818143099583203,2015-02-05,false,0
uid-6945818143099583204,2015-02-06,false,0
uid-6945818143099583205,2014-10-30,false,0
uid-6945818143099583206,2014-11-03,false,0
uid-6945818143099583207,,false,0
uid-6945818143099583208,,false,0
uid-6945818143099583209,2014-10-30,false,0
uid-6945818143099583210,2014-11-03,false,0
uid-6945818143099583211,2014-10-30,false,0
uid-6945818143099583212,2014-10-30,false,0
uid-6945818143099583213,2014-12-29,false,0
uid-6945818143099583214,2014-11-01,false,0
uid-6945818143099583215,2014-10-30,false,0
uid-6945818143099583216,2014-10-30,false,0
uid-6945818143099583217,2015-01-07,false,0
uid-6945818143099583218,,false,0
uid-6945818143099583219,2014-11-23,false,0
uid-6945818143099583220,,false,0
uid-6945818143099583221,2015-01-12,false,0
uid-6945818143099583222,2015-02-06,false,0
uid-6945818143099583223,2014-12-24,false,0
uid-6945818143099583224,2014-10-30,false,0
uid-6945818143099583225,2015-02-06,true,0
uid-6945818143099583226,2014-11-16,false,0
uid-6945818143099583227,2015-02-06,false,0
uid-6945818143099583228,2014-11-21,false,0
uid-6945818143099583229,,false,0
uid-6945818143099583230,2014-10-30,false,0
uid-6945818143099583231,2015-02-05,false,0
uid-6945818143099583232,2014-11-01,false,0
uid-6945818143099583233,2014-11-04,false,0
uid-6945818143099583234,,false,0
uid-6945818143099583235,2015-02-05,false,0
uid-6959202049831136957,,false,0
uid-6985393157644151824,2014-05-15,false,0
uid-6985393157644151825,2015-01-18,false,0
uid-6985393157644151826,,false,0
uid-7019076122402653109,2014-09-18,false,0
uid-7088511414264719007,2014-09-19,false,1
uid-7088511414264719008,2014-09-26,false,2
uid-7088511414264719009,2014-09-30,false,1
uid-7088511414264719010,2014-11-25,false,0
uid-7088511414264719011,2014-10-07,false,0
uid-7088511414264719012,2014-10-19,false,0
uid-7088511414264719013,2014-11-16,false,0
uid-7088511414264719014,2014-09-24,false,0
uid-7088511414264719015,2014-10-10,false,0
uid-7112357575717971761,2014-10-27,false,0
uid-7113496701631595159,2014-12-26,false,0
uid-7113496701631595160,2015-02-05,false,0
uid-7113496701631595161,2014-11-18,false,0
uid-7113496701631595162,,false,0
uid-7113496701631595163,2015-02-06,true,0
uid-7113496701631595164,2014-11-22,false,0
uid-7113496701631595165,2015-01-25,false,0
uid-7113496701631595166,2015-02-06,true,22
uid-7113496701631595167,2015-02-06,true,5
uid-7113496701631595168,2015-01-22,false,0
uid-7113496701631595169,2015-01-08,false,0
uid-7113496701631595170,2014-12-08,false,0
uid-7113496701631595171,2015-02-06,false,0
uid-7113496701631595172,2015-02-04,false,0
uid-7113496701631595173,2015-02-06,false,0
uid-7113496701631595174,2014-11-20,false,0
uid-7113496701631595175,2015-02-06,false,0
uid-7113496701631595176,2015-02-06,false,0
uid-7113496701631595177,2015-01-12,false,0
uid-7113496701631595178,2015-02-06,false,0
uid-7113496701631595179,,false,0
uid-7113496701631595180,,false,0
uid-7113496701631595181,2014-11-22,false,0
uid-7113496701631595182,,false,0
uid-7113496701631595183,2014-11-21,false,0
uid-7113496701631595184,2014-11-21,false,0
uid-7113496701631595185,2014-11-21,false,0
uid-7113496701631595186,2014-11-21,false,0
uid-7113496701631595187,2014-12-10,false,0
uid-7113496701631595188,2014-11-22,false,0
uid-7113496701631595189,2015-02-03,true,0
uid-7113496701631595190,2014-11-28,false,0
uid-7113496701631595191,2015-02-06,false,0
uid-7113496701631595192,,false,0
uid-7113496701631595193,2014-11-22,false,0
uid-7113496701631595194,2014-11-22,false,0
uid-7113496701631595195,2014-11-23,false,0
uid-7113496701631595196,2014-12-08,false,0
uid-7113496701631595197,2014-11-22,false,0
uid-7113496701631595198,2014-11-22,false,0
uid-7113496701631595199,2014-11-22,false,0
uid-7113496701631595200,2014-11-25,false,0
uid-7113496701631595201,2014-11-24,false,0
uid-7113496701631595202,2014-11-24,false,0
uid-7113496701631595203,2015-02-06,true,0
uid-7113496701631595204,2014-12-02,false,0
uid-7113496701631595205,2015-02-05,false,0
uid-7113496701631595206,2014-12-01,false,0
uid-7113496701631595207,2014-12-19,false,0
uid-7113496701631595208,2014-12-19,false,0
uid-7113496701631595209,2014-11-28,false,0
uid-7113496701631595210,2014-12-08,false,0
uid-7113496701631595211,2015-02-03,false,0
uid-7113496701631595212,2014-11-24,false,0
uid-7113496701631595213,2014-12-02,true,0
uid-7113496701631595214,2014-11-24,false,0
uid-7113496701631595215,2015-02-06,false,0
uid-7113496701631595216,2014-11-25,false,0
uid-7113496701631595217,2015-02-04,false,0
uid-7113496701631595218,2014-11-25,false,0
uid-7113496701631595219,2015-02-05,true,0
uid-7113496701631595220,2014-12-15,false,0
uid-7113496701631595221,2014-11-27,false,0
uid-7113496701631595222,2015-02-02,false,0
uid-7113496701631595223,2014-12-14,false,0
uid-7113496701631595224,2014-11-28,false,0
uid-7113496701631595225,2015-02-05,false,0
uid-7113496701631595226,2014-11-30,false,0
uid-7113496701631595227,2014-12-02,false,0
uid-7113496701631595228,,false,0
uid-7113496701631595229,2014-11-27,true,0
uid-7113496701631595230,2014-12-22,false,0
uid-7113496701631595231,2014-11-29,false,0
uid-7113496701631595232,2015-01-15,false,0
uid-7113496701631595233,2014-11-27,false,0
uid-7113496701631595234,,false,0
uid-7113496701631595235,,false,0
uid-7113496701631595236,2014-12-12,false,0
uid-7113496701631595237,2014-12-22,false,0
uid-7113496701631595238,2015-01-05,false,0
uid-7113496701631595239,2014-12-30,false,0
uid-7113496701631595240,2014-12-07,false,0
uid-7113496701631595241,2014-12-03,false,0
uid-7113496701631595242,2014-12-02,false,0
uid-7113496701631595243,,false,0
uid-7113496701631595244,2015-01-22,false,0
uid-7113496701631595245,2014-12-01,true,3
uid-7113496701631595246,2015-02-05,false,0
uid-7113496701631595247,2014-12-01,false,0
uid-7113496701631595248,2014-12-05,false,0
uid-7113496701631595249,2015-02-06,false,0
uid-7113496701631595250,,false,0
uid-7113496701631595251,2014-12-02,false,0
uid-7113496701631595252,2015-02-06,false,0
uid-7113496701631595253,2014-12-04,false,0
uid-7113496701631595254,2014-12-22,false,0
uid-7113496701631595255,2014-12-04,false,0
uid-7113496701631595256,2014-12-04,false,0
uid-7113496701631595257,2015-02-05,false,0
uid-7113496701631595258,2015-02-05,false,0
uid-7113496701631595259,2015-01-20,false,0
uid-7113496701631595260,,false,0
uid-7113496701631595261,2015-02-04,false,0
uid-7113496701631595262,2014-12-04,false,0
uid-7113496701631595263,2015-02-06,false,0
uid-7113496701631595264,2014-12-04,false,0
uid-7165428717508648929,,false,0
uid-7165428717508648931,,false,0
uid-7165428717508648932,,false,0
uid-7203876187196301963,2014-08-11,false,0
uid-7203876187196301964,2014-08-11,false,0
uid-7203876187196301965,,false,0
uid-7203876187196301966,,false,0
uid-7203876187196301967,,false,0
uid-7203876187196301968,,false,0
uid-7203876187196301969,,false,0
uid-7203876187196301970,,false,0
uid-7206076539886262392,2014-08-28,false,0
uid-7206076539886262393,2014-06-02,false,0
uid-7206076539886262394,,false,0
uid-7206076539886262395,2014-05-23,false,0
uid-7206076539886262396,2014-08-31,false,1
uid-7206076539886262397,2015-01-17,false,0
uid-7208380819989499335,,false,0
uid-7208380819989499336,2014-08-29,false,1
uid-7228326568424547703,2014-09-06,false,0
uid-7250122327243873229,2014-05-13,false,0
uid-7274127097360363125,2015-01-09,false,0
uid-7274127097360363126,2014-12-12,false,0
uid-7299310520863009134,2014-11-25,false,0
uid-7302019961119933383,2014-10-01,false,0
uid-7319749070028553002,2015-02-06,false,3
uid-7327731875723411494,,false,0
uid-7415537932208256169,2014-05-15,false,0
uid-7435692331971525010,2014-10-28,false,0
uid-7473411806141291586,2014-09-23,true,1
uid-7473411806141291587,2014-09-23,true,0
uid-7473411806141291588,,false,0
uid-7473411806141291589,2014-10-09,false,0
uid-7473411806141291590,,false,0
uid-7473411806141291591,2015-01-28,false,2
uid-7473411806141291592,2014-09-22,false,0
uid-7473411806141291593,,false,0
uid-7473411806141291594,2014-09-22,false,0
uid-7473411806141291595,,false,0
uid-7473411806141291596,2014-12-17,true,0
uid-7473411806141291597,2014-09-24,false,0
uid-7473411806141291598,,false,0
uid-7491933587638389454,2014-10-02,false,0
uid-7491933587638389455,,false,0
uid-7517872717627661418,,false,0
uid-7517872717627661419,2014-09-16,false,0
uid-7517872717627661420,,false,0
uid-7541160005594830636,2015-02-06,false,0
uid-7541160005594830637,2014-11-17,false,0
uid-7541160005594830638,2015-02-06,true,1
uid-7541160005594830639,2014-11-21,false,0
uid-7541160005594830640,2014-11-20,false,0
uid-7541160005594830641,2014-11-19,false,0
uid-7541160005594830642,2014-11-19,false,0
uid-7541160005594830643,2014-11-22,false,0
uid-7541160005594830644,2014-11-17,false,0
uid-7541160005594830645,2014-11-17,false,0
uid-7575174882909530429,2014-12-10,false,0
uid-7681316672064397128,,false,0
uid-7681316672064397129,,false,0
uid-7681316672064397130,2014-05-04,false,2
uid-7704120350367315807,,false,0
uid-7704120350367315808,,false,0
uid-7704120350367315809,,false,0
uid-7704120350367315810,2015-01-21,false,4
uid-7704331172373045540,2015-02-05,false,0
uid-7704331172373045541,2015-02-05,false,0
uid-7704331172373045542,2015-02-06,true,0
uid-7704331172373045543,2015-02-05,false,0
uid-7704331172373045544,2015-02-05,false,0
uid-7716417482665630636,2014-08-23,false,0
uid-7761062048590846381,2014-12-09,false,0
uid-7761062048590846382,2015-02-06,false,0
uid-7761062048590846383,2015-01-21,true,0
uid-7761062048590846384,2014-12-09,false,0
uid-7761062048590846385,2014-12-08,false,0
uid-7761062048590846386,2014-12-09,false,0
uid-7761062048590846387,2015-01-04,false,0
uid-7761062048590846388,2014-12-06,false,0
uid-7761062048590846389,2015-01-20,false,0
uid-7761062048590846390,2014-12-22,false,0
uid-7761062048590846391,2014-12-06,false,0
uid-7761062048590846392,2014-12-10,false,0
uid-7761062048590846393,2015-02-06,false,0
uid-7761062048590846394,2014-12-26,false,0
uid-7761062048590846395,2014-12-10,false,0
uid-7761062048590846396,2014-12-08,false,0
uid-7761062048590846397,2014-12-20,false,0
uid-7761062048590846398,2014-12-09,false,0
uid-7761062048590846399,2015-01-12,false,0
uid-7761062048590846400,2014-12-25,false,0
uid-7761062048590846401,2014-12-29,false,0
uid-7761062048590846402,2015-01-13,false,0
uid-7761062048590846403,2014-12-09,false,0
uid-7761062048590846404,2014-12-24,false,0
uid-7761062048590846405,2015-01-11,false,0
uid-7761062048590846406,2015-02-06,false,0
uid-7761062048590846407,2014-12-23,false,0
uid-7761062048590846408,2015-01-07,false,0
uid-7761062048590846409,2014-12-21,false,0
uid-7761062048590846410,2014-12-16,true,0
uid-7761062048590846411,2014-12-20,false,0
uid-7761062048590846412,2015-02-05,false,0
uid-7761062048590846413,2015-02-06,false,0
uid-7791041015233714709,2014-11-26,false,0
uid-7791041015233714710,2015-02-06,false,1
uid-7791041015233714711,2015-01-09,false,0
uid-7791041015233714712,2015-01-05,false,0
uid-7791041015233714713,2014-12-13,false,2
uid-7791041015233714714,,false,0
uid-7791041015233714715,2014-11-23,false,1
uid-7791041015233714716,2014-11-25,false,0
uid-7791041015233714717,2014-11-11,false,0
uid-7791041015233714718,2014-11-04,false,0
uid-7791041015233714719,2014-12-08,false,0
uid-7791041015233714720,2014-11-04,false,0
uid-7791041015233714721,2014-11-05,false,0
uid-7791041015233714722,2014-11-05,false,0
uid-7791041015233714723,2014-11-05,false,0
uid-7791041015233714724,2015-02-04,false,2
uid-7791041015233714725,2014-11-26,true,0
uid-7791041015233714726,2014-11-24,false,0
uid-7791041015233714727,2015-01-13,false,1
uid-7791041015233714728,2014-11-25,false,0
uid-7791041015233714729,2014-11-08,false,0
uid-7791041015233714730,2014-11-14,false,0
uid-7791041015233714731,2015-01-30,false,0
uid-7791041015233714732,2014-11-07,false,0
uid-7791041015233714733,2014-11-07,false,0
uid-7791041015233714734,2014-12-13,false,0
uid-7791041015233714735,2014-11-22,false,1
uid-7791041015233714736,2014-11-08,false,0
uid-7791041015233714737,2014-11-08,true,0
uid-7791041015233714738,2014-11-08,false,0
uid-7791041015233714739,2014-11-08,false,0
uid-7791041015233714740,2014-11-25,false,0
uid-7791041015233714741,,false,0
uid-7791041015233714742,2014-11-10,false,0
uid-7791041015233714743,2014-11-13,false,0
uid-7791041015233714744,2014-11-12,false,0
uid-7791041015233714745,2014-11-12,false,0
uid-7805809529240481295,2015-02-05,false,0
uid-7805809529240481296,,false,0
uid-7805809529240481297,2015-01-24,false,0
uid-7805809529240481298,2015-02-04,false,0
uid-7805809529240481299,2015-02-06,false,1
uid-7805809529240481300,2015-02-06,false,0
uid-7805809529240481301,,false,0
uid-7805809529240481302,2015-01-24,false,0
uid-7805809529240481303,2015-02-03,false,0
uid-7805809529240481304,2015-02-05,false,0
uid-7805809529240481305,2015-02-06,false,0
uid-7805809529240481306,2015-02-06,false,0
uid-7810681622510347931,,false,0
uid-7822607376883904615,2014-07-26,false,0
uid-7822607376883904616,,false,0
uid-7822607376883904617,,false,0
uid-7822607376883904618,2014-08-06,false,0
uid-7822607376883904619,2014-08-13,false,1
uid-7822607376883904620,2014-12-04,false,0
uid-7822607376883904621,2014-10-24,false,0
uid-7822607376883904622,2014-12-20,false,0
uid-7822607376883904623,2015-01-22,false,0
uid-7830201371347726106,2014-07-14,false,0
uid-7846527288581209478,2014-10-31,false,0
uid-7846527288581209479,2014-10-16,false,0
uid-7854319195803674252,2014-11-18,false,0
uid-7857143983793341283,2014-06-30,false,0
uid-7887403035138336262,2015-02-04,false,0
uid-7887403035138336263,2015-02-05,false,0
uid-7892637151689177474,2014-09-23,false,0
uid-7902566412907543915,,false,0
uid-7902566412907543916,,false,0
uid-7902566412907543917,2014-07-16,false,1
uid-7902566412907543918,,false,0
uid-7915743242919782228,2015-02-03,false,0
uid-7915743242919782229,2014-12-20,false,0
uid-7915743242919782230,2014-12-08,false,0
uid-7915743242919782231,2015-01-29,false,0
uid-7915743242919782232,2015-02-06,false,0
uid-7915743242919782233,2015-02-05,true,0
uid-7915743242919782234,2015-02-06,false,0
uid-7915743242919782235,2014-12-07,false,0
uid-7915743242919782236,2015-02-04,false,0
uid-7915743242919782237,2014-12-21,true,0
uid-7915743242919782238,2015-01-15,false,0
uid-7915743242919782239,2014-12-23,false,0
uid-7915743242919782240,2015-02-04,false,0
uid-7915743242919782241,2015-02-06,true,0
uid-7915743242919782242,2014-12-22,false,0
uid-7915743242919782243,2015-01-29,false,0
uid-7915743242919782244,2014-12-05,false,0
uid-7930181341098527986,2014-11-08,false,0
uid-7930181341098527987,2014-10-31,false,0
uid-7930181341098527988,2014-12-15,false,0
uid-7932530918358766382,2014-09-26,false,3
uid-7992651771970123110,,false,0
uid-8006606729423967782,,false,0
uid-8009427177853030912,2014-11-01,false,0
uid-8032257927436787960,,false,0
uid-8033971456526885537,2014-08-18,false,0
uid-8062212933310462976,2014-11-26,false,0
uid-8062212933310462977,2014-11-12,true,0
uid-8062212933310462978,2014-10-18,false,0
uid-8062212933310462979,2014-10-17,false,0
uid-8062212933310462980,2014-11-24,true,0
uid-8062212933310462981,2014-10-30,false,0
uid-8062212933310462982,2014-11-27,false,0
uid-8062212933310462983,2014-11-25,false,0
uid-8062212933310462984,2015-01-24,false,0
uid-8062212933310462985,2015-01-31,false,0
uid-8062212933310462986,,false,0
uid-8065624863930577049,,false,0
uid-8065624863930577050,2014-11-20,false,0
uid-8067849094206539253,,false,0
uid-8078139964071335826,,false,0
uid-8132633025607175801,2014-09-25,false,0
uid-8132633025607175802,2015-01-10,false,28
uid-8132633025607175803,2014-09-09,false,0
uid-8140772504427319408,2015-01-28,true,4
uid-8140772504427319409,2015-01-21,false,0
uid-8140772504427319410,,false,0
uid-8140772504427319411,2015-02-02,false,0
uid-8140772504427319412,2015-01-08,false,0
uid-8140772504427319413,2014-12-18,false,0
uid-8140772504427319414,,false,0
uid-8140772504427319415,2014-12-18,false,0
uid-8140772504427319416,2015-02-06,false,0
uid-8140772504427319417,2014-12-22,false,0
uid-8140772504427319418,2014-12-18,false,0
uid-8140772504427319419,2014-12-18,false,0
uid-8140772504427319420,2015-02-06,true,0
uid-8140772504427319421,2014-12-18,false,0
uid-8140772504427319422,2014-12-25,false,0
uid-8140772504427319423,2014-12-18,false,0
uid-8140772504427319424,2014-12-19,false,0
uid-8144546657405296457,,false,0
uid-8151368170531860052,2014-07-25,true,0
uid-8151368170531860053,2015-01-07,false,0
uid-8151368170531860054,2014-07-27,false,0
uid-8151368170531860055,2014-07-30,false,0
uid-8151368170531860056,2014-12-31,false,0
uid-8151368170531860057,2014-08-06,true,0
uid-8188795548508276873,2014-11-05,false,0
uid-8188795548508276874,,false,0
uid-8188795548508276875,2014-11-13,false,0
uid-8188795548508276876,2015-02-06,true,64
uid-8188795548508276877,2014-11-17,false,1
uid-8188795548508276878,2014-11-15,false,0
uid-8188795548508276879,2014-11-11,false,1
uid-8188795548508276880,2015-01-14,false,0
uid-8228270014040635428,2015-02-06,false,0
uid-8228270014040635429,2015-02-06,false,0
uid-8228270014040635430,2015-01-29,false,0
uid-8228270014040635431,2015-02-03,false,0
uid-8228270014040635432,2015-01-09,false,0
uid-8228270014040635433,,false,0
uid-8228270014040635434,2015-01-26,false,0
uid-8228270014040635435,2015-02-06,true,0
uid-8228270014040635436,2015-01-30,false,0
uid-8228270014040635437,2015-02-06,true,0
uid-8228270014040635438,2014-11-24,true,0
uid-8228270014040635439,2015-02-06,true,0
uid-8228270014040635440,2015-02-05,false,0
uid-8228270014040635441,2014-11-25,false,0
uid-8228270014040635442,,false,0
uid-8228270014040635443,2015-02-06,false,0
uid-8228270014040635444,2014-11-25,false,0
uid-8228270014040635445,2014-11-25,false,0
uid-8228270014040635446,2015-01-05,false,0
uid-8228270014040635447,2014-11-26,false,0
uid-8228270014040635448,2015-01-21,false,0
uid-8228270014040635449,2015-02-04,true,0
uid-8228270014040635450,2015-02-06,false,0
uid-8228270014040635451,2014-12-05,false,0
uid-8228270014040635452,2014-12-08,false,0
uid-8228270014040635453,2014-12-02,false,0
uid-8228270014040635454,2014-12-09,true,0
uid-8228270014040635455,,false,0
uid-8228270014040635456,2015-02-06,false,0
uid-8228270014040635457,2014-12-05,false,0
uid-8228270014040635458,2014-12-31,false,0
uid-8228270014040635459,2015-02-02,false,0
uid-8228270014040635460,2014-12-03,false,0
uid-8228270014040635461,2014-12-03,false,0
uid-8228270014040635462,2015-02-05,false,0
uid-8228270014040635463,2014-12-21,false,0
uid-8228270014040635464,2015-02-06,true,0
uid-8228270014040635465,2014-12-17,false,0
uid-8228270014040635466,2015-01-12,false,0
uid-8228270014040635467,2015-02-06,false,0
uid-8228270014040635468,,false,0
uid-8228270014040635469,2014-12-04,false,0
uid-8228270014040635470,2015-02-06,false,0
uid-8228270014040635471,2015-02-04,false,0
uid-8228270014040635472,2014-12-31,false,0
uid-8228270014040635473,2014-12-10,true,0
uid-8228270014040635474,2014-12-10,false,0
uid-8228270014040635475,2015-01-12,false,0
uid-8228270014040635476,2015-02-04,false,0
uid-8228270014040635477,2015-02-06,false,0
uid-8241976355789859116,2015-02-06,false,0
uid-8241976355789859117,2014-11-17,false,1
uid-8241976355789859118,2014-11-17,false,0
uid-8241976355789859119,2014-12-01,false,0
uid-8241976355789859120,2014-11-18,false,0
uid-8241976355789859121,2014-12-15,false,0
uid-8241976355789859122,2014-11-20,false,0
uid-8264281443582661857,2015-02-06,true,0
uid-8285918040958557427,,false,0
uid-8285918040958557428,2014-12-02,false,0
uid-8285918040958557429,2015-02-06,false,0
uid-8285918040958557430,2015-01-30,false,0
uid-8285918040958557431,2015-02-04,true,0
uid-8285918040958557432,2014-11-17,false,0
uid-8285918040958557433,2015-02-06,false,0
uid-8285918040958557434,2014-12-24,false,0
uid-8303921925469649962,2015-02-05,false,0
uid-8338579253786776457,2014-09-09,false,9
uid-8340704747814852053,2014-08-14,false,0
uid-8357831759562903721,,false,0
uid-8391480608140909268,2014-06-18,false,0
uid-8412508946449467917,,false,0
uid-8412508946449467918,2014-11-14,false,0
uid-8412508946449467919,2014-12-22,true,5
uid-8415111865602433626,2014-11-24,false,5
uid-8442009443341630967,2014-10-14,true,58
uid-8459986037296260514,2015-02-06,false,0
uid-8459986037296260515,2015-02-03,false,0
uid-8459986037296260516,2015-02-04,false,0
uid-8459986037296260517,2015-02-04,false,0
uid-8459986037296260518,2015-02-05,false,0
uid-8459986037296260519,2015-02-06,false,0
uid-8459986037296260520,2015-02-05,false,0
uid-8459986037296260521,2015-02-03,false,0
uid-8459986037296260522,2015-02-04,false,0
uid-8498991393138975873,,false,0
uid-8505487388519878282,2014-11-21,false,0
uid-8523239747912564989,2014-10-02,false,0
uid-8523239747912564990,2014-09-28,false,0
uid-8523239747912564991,,false,0
uid-8523239747912564992,2014-10-07,true,0
uid-8523239747912564993,2015-01-26,false,0
uid-8523239747912564994,2014-09-26,false,0
uid-8523239747912564995,2014-10-05,false,0
uid-8523239747912564996,2014-12-22,false,0
uid-8523239747912564997,2014-09-27,false,0
uid-8523239747912564998,2014-09-27,false,0
uid-8523239747912564999,2014-09-27,false,0
uid-8523239747912565000,2014-09-27,false,0
uid-8523239747912565001,2014-09-27,false,0
uid-8523239747912565002,2014-09-27,false,0
uid-8523239747912565003,,false,0
uid-8523239747912565004,2014-11-17,false,0
uid-8523239747912565005,2014-09-30,false,0
uid-8523239747912565006,2014-09-30,false,0
uid-8523239747912565007,2014-09-30,false,0
uid-8523239747912565008,2014-10-16,false,0
uid-8523239747912565009,2014-10-11,false,0
uid-8523239747912565010,2014-11-12,false,0
uid-8523239747912565011,,false,0
uid-8523239747912565012,2014-11-22,true,0
uid-8523239747912565013,2014-11-08,false,0
uid-8523239747912565014,2014-10-05,true,0
uid-8523239747912565015,,false,0
uid-8523239747912565016,2014-10-01,false,0
uid-8523239747912565017,2014-10-14,false,0
uid-8523239747912565018,2014-10-02,false,0
uid-8523239747912565019,2014-10-02,false,0
uid-8523239747912565020,,false,0
uid-8523239747912565021,2014-10-02,false,0
uid-8523239747912565022,2014-10-02,false,0
uid-8523239747912565023,2014-10-07,false,4
uid-8523239747912565024,2014-10-04,false,0
uid-8523239747912565025,2014-10-05,false,0
uid-8523239747912565026,2014-11-07,false,0
uid-8523239747912565028,,false,0
uid-8523239747912565029,2014-11-16,false,2
uid-8523239747912565030,2014-12-01,false,3
uid-8523239747912565032,2014-10-16,false,0
uid-8523239747912565033,,false,0
uid-8523239747912565034,2015-01-16,false,0
uid-8523239747912565035,,false,0
uid-8523239747912565036,2014-10-15,true,0
uid-8523239747912565037,,false,0
uid-8523239747912565038,,false,0
uid-8524223549346261490,2014-11-14,false,0
uid-8529133183187015683,2015-02-06,true,559
uid-8546709910321987358,2014-06-20,false,0
uid-8610579157397348539,2014-11-24,false,0
uid-8610579157397348540,2014-11-19,false,1
uid-8610579157397348541,2014-11-17,false,0
uid-8657801832939171798,2014-10-09,false,0
uid-8660349906067184025,2015-02-05,false,0
uid-8668247263195008339,,false,0
uid-8688482576396905541,,false,0
uid-8737521245068777366,2014-08-26,false,2
uid-8744926161985800296,2014-10-14,false,0
uid-8777293071345355908,,false,0
uid-8777293071345355909,,false,0
uid-8777293071345355910,,false,0
uid-8797257031051248747,2015-02-06,false,2
uid-8799596044803448346,2014-10-09,false,3
uid-8807327857089902642,2014-11-16,false,1
uid-8807327857089902643,2014-10-24,false,0
uid-8807327857089902644,2014-11-14,false,0
uid-8807327857089902645,2014-10-24,false,0
uid-8807327857089902646,,false,0
uid-8807327857089902647,2014-10-29,false,0
uid-8807327857089902648,2015-02-06,false,53
uid-8878568337362504349,2014-09-22,false,1
uid-8887317209463487988,2015-01-26,false,0
uid-8887317209463487989,2015-01-28,true,1
uid-8887317209463487990,2015-02-01,false,0
uid-8887317209463487991,2015-01-30,false,0
uid-8887317209463487992,2015-01-30,true,1
uid-8887317209463487993,2015-02-06,false,0
uid-8887317209463487994,2015-01-26,false,0
uid-8887317209463487995,2015-01-27,false,0
uid-8887317209463487996,2015-02-06,false,0
uid-8887317209463487997,2015-02-05,false,0
uid-8887317209463487998,2015-02-05,false,0
uid-8887317209463487999,2015-02-06,false,0
uid-8887317209463488000,2015-01-27,false,0
uid-8887317209463488001,2015-01-30,false,0
uid-8887317209463488002,2015-02-01,false,0
uid-8887317209463488003,2015-01-29,false,0
uid-8887317209463488004,2015-02-05,false,0
uid-8887317209463488005,2015-01-29,false,0
uid-8887317209463488006,2015-01-31,true,0
uid-8887317209463488007,2015-01-30,false,0
uid-8887317209463488008,2015-01-30,false,0
uid-8940900496881903116,2014-07-27,false,0
uid-8940900496881903117,2015-02-05,false,0
uid-8940900496881903118,,false,0
uid-8940900496881903119,2014-12-31,false,0
uid-8940900496881903120,,false,0
uid-8940900496881903121,2015-02-05,true,1
uid-8940900496881903122,,false,0
uid-8940900496881903123,,false,0
uid-8963176457964893495,,false,0
uid-8978030841153368202,2014-09-13,false,0
uid-8998583074592327306,,false,0
uid-8998583074592327307,2014-10-27,false,0
uid-8998583074592327308,,false,0
uid-9021334232103127923,,false,0
uid-9021334232103127924,2015-01-28,true,0
uid-9021334232103127925,2015-01-26,false,0
uid-9021334232103127926,2015-01-26,true,0
uid-9021334232103127927,2015-01-29,false,0
uid-9048710292635813676,2014-10-09,false,0
uid-9048710292635813677,,false,0
uid-9048710292635813678,,false,0
uid-9048710292635813679,2014-11-10,false,0
uid-9048710292635813680,2014-09-25,false,0
uid-9048710292635813681,2015-01-05,false,0
uid-9048710292635813682,2014-11-13,false,0
uid-9048710292635813683,2014-09-27,false,0
uid-9048710292635813684,2014-09-26,false,0
uid-9048710292635813685,,false,0
uid-9048710292635813686,2014-09-26,false,0
uid-9048710292635813687,,false,0
uid-9048710292635813688,2014-09-27,false,0
uid-9048710292635813689,,false,0
uid-9048710292635813690,2014-10-05,false,0
uid-9048710292635813691,2014-09-27,false,0
uid-9048710292635813692,2014-09-27,false,0
uid-9048710292635813693,2014-09-27,false,0
uid-9048710292635813694,2014-09-27,false,0
uid-9048710292635813695,2015-01-14,false,0
uid-9048710292635813696,2014-09-27,false,0
uid-9048710292635813697,2014-09-27,false,0
uid-9048710292635813698,2014-09-28,false,0
uid-9048710292635813699,2014-09-27,false,0
uid-9048710292635813700,,false,0
uid-9048710292635813701,,false,0
uid-9048710292635813702,2014-09-30,false,0
uid-9048710292635813703,2014-09-30,false,0
uid-9048710292635813704,2014-09-30,false,0
uid-9048710292635813705,2014-11-20,true,0
uid-9048710292635813706,2015-01-22,false,0
uid-9048710292635813707,2014-12-30,true,0
uid-9048710292635813708,2014-10-14,true,5
uid-9048710292635813709,2014-10-30,false,0
uid-9048710292635813710,2014-10-14,false,0
uid-9048710292635813711,2014-10-21,false,0
uid-9048710292635813712,2014-10-01,false,0
uid-9048710292635813713,,false,0
uid-9048710292635813714,2014-10-02,false,0
uid-9048710292635813715,2014-11-16,false,0
uid-9048710292635813716,2014-10-02,false,0
uid-9048710292635813717,2014-10-02,false,0
uid-9048710292635813718,2014-11-25,false,0
uid-9048710292635813719,2015-01-23,false,0
uid-9048710292635813720,2015-01-05,true,2
uid-9048710292635813721,,false,0
uid-9048710292635813722,2015-01-24,false,0
uid-9048710292635813723,2015-01-12,false,0
uid-9052880664438846290,2015-02-06,false,1
uid-9052880664438846291,,false,0
uid-9064520789627303067,2014-08-19,false,2
uid-9077694339629928764,2015-02-06,false,0
uid-9077694339629928765,,false,0
uid-9140693570377255956,2014-12-19,false,0
uid-9140693570377255957,2015-01-25,false,0
uid-9188866540882284788,2015-01-28,false,1
uid-9188866540882284789,,false,0
